{
  "n_estimators": 900,
  "max_depth": 6,
  "learning_rate": 0.1345963942215043,
  "subsample": 0.8430552548823688,
  "colsample_bytree": 0.7429714245714815,
  "min_child_weight": 19,
  "gamma": 1.4119863760673765,
  "reg_alpha": 0.70442703464698,
  "reg_lambda": 0.5353219617995876
}