{
  "rmse": 13.63331065733974,
  "r2": 0.9616021070799672,
  "residual_std": 13.583592706875411
}