{
  "rmse": 2.228251055445366,
  "r2": 0.9989755519555084,
  "mae": 1.3570685527486481,
  "residual_std": 2.0654137162519333
}